<?xml version="1.0" encoding="UTF-8"?>
<plugin_manifest xmlns="http://www.elgg.org/plugin_manifest/1.8">
	<name>Tweet Me Theme for Elgg 1.8</name>
	<author>SW Social Web</author>
	<version>myzung</version>
	<category>bundled</category>
	<category>Themes</category>
	<category>Themes</category>
	
	<description>
	
	Premium Theme for elgg 1.8
	A theme that will give you the look and feel of Twitter
	
	</description>
	
	<website>
	http://www.swsocialweb.com/shop
	</website>
	
	<license>
	Commercial
	</license>
	
	<requires>
		<type>elgg_release</type>
		<version>1.8</version>
	</requires>
<conflicts>
                <name>custom_index</name>
		<type>plugin</type>

	</conflicts>
	
</plugin_manifest>
