<?xml version="1.0" encoding="UTF-8"?>
<plugin_manifest xmlns="http://www.elgg.org/plugin_manifest/1.8">
  <name>iZAP Elgg Bridge</name>
  <author>iZAP Team</author>
  <version>2.1.5</version>
  <blurb>Sub-Framework for iZAP Plugins</blurb>
  <description>iZAP Elgg Bridge is here to fill the gap between elgg and izap's plugins. It contains most of the common scripts our plugin need. These would be only called when required.</description>
  <website>http://www.pluginlotto.com/store</website>
  <copyright>(C) iZAP</copyright>
  <license>GNU Public License version 3</license>
  <requires>
    <type>elgg_version</type>
    <version>2012071100</version>
  </requires>
  <category>Library</category>
  <admin_interface>advanced</admin_interface>
</plugin_manifest>
