<?xml version="1.0" encoding="UTF-8"?>
<plugin_manifest xmlns="http://www.elgg.org/plugin_manifest/1.8">
	<name>CKeditor</name>
	<author>saurabh</author>
	<version>1.3</version>	
	<category>editor</category>
	<category>bundled</category>
	<description>This plugin add the posibility </description>
	<website>http://www.saurabh.com/</website>
	<copyright>See COPYRIGHT.txt</copyright>
	<license>GNU General Public License version 2</license>
	<requires>
		<type>elgg_release</type>
		<version>1.8</version>
	</requires>
	

	<suggests>
		<type>plugin</type>
		<name>thewire</name>
		<version>1.8</version>
	</suggests>

</plugin_manifest>
